PO_NUMBER,PO_TYPE,PURCHASING_ORG,PURCHASING_GROUP,COMPANY_CODE,CURRENCY,VENDOR_ID,VENDOR_NAME,VENDOR_SITE,PAYMENT_TERMS,BUYER_ID,BUYER_NAME,PO_DATE,NOTES_TO_VENDOR,NOTES_TO_RECEIVER,FREIGHT_TERMS,SHIP_TO_LOCATION,BILL_TO_LOCATION,FOB,STORAGE_LOCATION,LINE_NUM,ITEM_NUM,ITEM_DESCRIPTION,QUANTITY,UNIT_OF_MEASURE,UNIT_PRICE,LINE_AMOUNT,NEED_BY_DATE,PROMISED_DATE,CATEGORY,TAX_CODE,PROJECT_NUM,TASK_NUM,EXPENDITURE_TYPE,CHARGE_ACCOUNT,DESTINATION_TYPE,DELIVER_TO_PERSON,DELIVER_TO_LOCATION,NOTE_TO_BUYER,HAZARD_CLASS,INSPECTION_REQUIRED,RECEIPT_REQUIRED
266151199-10001,STANDARD,US1 Business Unit,GRP001,US1 Legal Entity,USD,V-10045,Amazon,Amazon US1,NET30,B001,Alice Johnson,2024-01-15,Please deliver by end of month,,FOB Destination,Seattle WA,Seattle HQ,Origin,,1,ITEM-001,Office Supplies Pack,100,EA,12.50,1250.00,2024-01-30,2024-01-28,Office Supplies,TX01,,,,01-110-5010-0000,Expense,Alice Johnson,Seattle WA,,NON-HAZARDOUS,N,Y
266151199-10001,STANDARD,US1 Business Unit,GRP001,US1 Legal Entity,USD,V-10045,Amazon,Amazon US1,NET30,B001,Alice Johnson,2024-01-15,Please deliver by end of month,,FOB Destination,Seattle WA,Seattle HQ,Origin,,2,ITEM-002,Laptop Stand,50,EA,35.00,1750.00,2024-01-30,2024-01-29,IT Equipment,TX01,,,,01-110-5020-0000,Expense,Alice Johnson,Seattle WA,,NON-HAZARDOUS,N,Y
266151199-10002,STANDARD,US1 Business Unit,GRP001,US1 Legal Entity,USD,V-10045,Amazon,Amazon US1,NET30,B001,Alice Johnson,2024-01-20,Urgent order,,FOB Destination,Seattle WA,Seattle HQ,Origin,,1,ITEM-003,Monitor 27inch,20,EA,299.00,5980.00,2024-02-05,2024-02-03,IT Equipment,TX01,,,,01-110-5020-0000,Expense,Alice Johnson,Seattle WA,,NON-HAZARDOUS,N,Y
266151199-10003,STANDARD,US3 Business Unit,GRP002,US1 Legal Entity,USD,V-20012,Staples,Staples US,NET60,B002,Bob Smith,2024-01-22,Standard delivery,,FOB Destination,Austin TX,Austin HQ,Origin,,1,ITEM-004,Paper Ream A4,500,PK,4.99,2495.00,2024-02-10,2024-02-08,Office Supplies,TX01,,,,01-110-5010-0000,Expense,Bob Smith,Austin TX,,NON-HAZARDOUS,N,N
266151199-10003,STANDARD,US3 Business Unit,GRP002,US1 Legal Entity,USD,V-20012,Staples,Staples US,NET60,B002,Bob Smith,2024-01-22,Standard delivery,,FOB Destination,Austin TX,Austin HQ,Origin,,2,ITEM-005,Stapler Heavy Duty,30,EA,18.75,562.50,2024-02-10,2024-02-09,Office Supplies,TX01,,,,01-110-5010-0000,Expense,Bob Smith,Austin TX,,NON-HAZARDOUS,N,N
266151199-10004,STANDARD,US1 Business Unit,GRP003,US1 Legal Entity,USD,V-30087,Dell Technologies,Dell US Direct,NET30,B001,Alice Johnson,2024-01-25,Government spec required,,FOB Destination,Seattle WA,Seattle HQ,Origin,,1,ITEM-006,Dell Laptop XPS,10,EA,1299.00,12990.00,2024-02-15,2024-02-12,IT Equipment,TX01,,,,01-110-5020-0000,Expense,Alice Johnson,Seattle WA,,NON-HAZARDOUS,Y,Y
266151199-10004,STANDARD,US1 Business Unit,GRP003,US1 Legal Entity,USD,V-30087,Dell Technologies,Dell US Direct,NET30,B001,Alice Johnson,2024-01-25,Government spec required,,FOB Destination,Seattle WA,Seattle HQ,Origin,,2,ITEM-007,Dell Monitor P2422,10,EA,349.00,3490.00,2024-02-15,2024-02-13,IT Equipment,TX01,,,,01-110-5020-0000,Expense,Alice Johnson,Seattle WA,,NON-HAZARDOUS,Y,Y
266151199-10005,STANDARD,US3 Business Unit,GRP002,US1 Legal Entity,USD,V-20012,Staples,Staples US,NET60,B002,Bob Smith,2024-02-01,Quarterly restock,,FOB Destination,Austin TX,Austin HQ,Origin,,1,ITEM-008,Whiteboard Markers,200,BX,8.25,1650.00,2024-02-20,2024-02-18,Office Supplies,TX01,,,,01-110-5010-0000,Expense,Bob Smith,Austin TX,,NON-HAZARDOUS,N,N
266151199-10005,STANDARD,US3 Business Unit,GRP002,US1 Legal Entity,USD,V-20012,Staples,Staples US,NET60,B002,Bob Smith,2024-02-01,Quarterly restock,,FOB Destination,Austin TX,Austin HQ,Origin,,2,ITEM-009,Filing Cabinet,5,EA,185.00,925.00,2024-02-20,2024-02-19,Office Furniture,TX01,,,,01-110-5030-0000,Expense,Bob Smith,Austin TX,,NON-HAZARDOUS,N,N
